rank_test_score,mean_fit_time,std_fit_time,mean_score_time,std_score_time,param_C,param_fit_intercept,param_penalty,param_solver,params,split0_test_score,split1_test_score,split2_test_score,split3_test_score,split4_test_score,mean_test_score,std_test_score
80,14.457427310943604,0.6357800496752404,0.03501486778259277,0.00767253828716316,4.0,True,l1,liblinear,"{'C': np.float64(4.0), 'fit_intercept': True, 'penalty': 'l1', 'solver': 'liblinear'}",0.9456691748448502,0.9249714093744477,0.9436559505633519,0.9776295127482824,0.9644072786201026,0.951266665230207,0.018156931494050885
1,207.12573652267457,5.891773934682449,0.029553318023681642,0.010735350295466444,4.0,True,l1,saga,"{'C': np.float64(4.0), 'fit_intercept': True, 'penalty': 'l1', 'solver': 'saga'}",0.9450089503633355,0.929107474349725,0.9438533178977121,0.9779564206856226,0.9650799751859326,0.9522012276964655,0.01722747803766442
63,4.471540641784668,0.33702720907820366,0.023820781707763673,0.0017049877578545032,4.0,True,l2,liblinear,"{'C': np.float64(4.0), 'fit_intercept': True, 'penalty': 'l2', 'solver': 'liblinear'}",0.9431753155122039,0.9281900034626533,0.9415646371842139,0.9785440572663109,0.9667634037494506,0.9516474834349665,0.0183063459778191
31,29.489526128768922,2.3241713424535067,0.023877382278442383,0.005961038748733133,4.0,True,l2,saga,"{'C': np.float64(4.0), 'fit_intercept': True, 'penalty': 'l2', 'solver': 'saga'}",0.9430178081516224,0.9299743515675605,0.9415477726278016,0.9785532915864029,0.9667618463811953,0.9519710140629165,0.017877601729775847
131,4.065044498443603,0.5791805577575806,0.02828688621520996,0.00608975800709275,4.0,False,l1,liblinear,"{'C': np.float64(4.0), 'fit_intercept': False, 'penalty': 'l1', 'solver': 'liblinear'}",0.9372624952522843,0.9284023711479609,0.914779212825803,0.9673178119586352,0.9422224380426996,0.9379968658454765,0.017373694954012843
121,295.64132738113403,9.938524164065035,0.022646093368530275,0.0016110747796988848,4.0,False,l1,saga,"{'C': np.float64(4.0), 'fit_intercept': False, 'penalty': 'l1', 'solver': 'saga'}",0.9365014764422457,0.9298382428918387,0.9152809442174665,0.9672964819798313,0.9427348554589219,0.9383304001980608,0.017118248968587317
237,5.426531839370727,0.685937462596986,0.03427257537841797,0.009069969293580386,4.0,False,l2,liblinear,"{'C': np.float64(4.0), 'fit_intercept': False, 'penalty': 'l2', 'solver': 'liblinear'}",0.9339910920308456,0.9308704274454052,0.9086350083826384,0.9654460629649702,0.9377625679618202,0.935341031757136,0.018150465923888335
236,15.63349895477295,0.8921556151597337,0.025299072265625,0.004684645913811927,4.0,False,l2,saga,"{'C': np.float64(4.0), 'fit_intercept': False, 'penalty': 'l2', 'solver': 'saga'}",0.9339927358868474,0.9308726818334088,0.9086343147247911,0.9654469300372793,0.937760880812877,0.9353415086590406,0.018150777212065518
84,6.331998205184936,0.6076675144919182,0.023093700408935547,0.0036141319960818503,4.1,True,l1,liblinear,"{'C': np.float64(4.1), 'fit_intercept': True, 'penalty': 'l1', 'solver': 'liblinear'}",0.945628511038493,0.9247360859497565,0.943425396036361,0.9775951766848416,0.9643997729703165,0.9511569885359537,0.018235979884064408
2,180.20121445655823,5.598095190789575,0.021630382537841795,0.0023103916485715556,4.1,True,l1,saga,"{'C': np.float64(4.1), 'fit_intercept': True, 'penalty': 'l1', 'solver': 'saga'}",0.944952367109383,0.9289872981276832,0.9436902215963694,0.9779576779404708,0.9651295946689555,0.9521434318885724,0.017288090875752934
61,4.056926822662353,0.5257780630371884,0.023272991180419922,0.003988855674433387,4.1,True,l2,liblinear,"{'C': np.float64(4.1), 'fit_intercept': True, 'penalty': 'l2', 'solver': 'liblinear'}",0.9431620781454535,0.9281445688736562,0.9416386851594114,0.9785411092204599,0.9667919987610271,0.9516556880320017,0.018314957026969406
29,24.48647508621216,1.5298279914059676,0.022050142288208008,0.0016146149139163726,4.1,True,l2,saga,"{'C': np.float64(4.1), 'fit_intercept': True, 'penalty': 'l2', 'solver': 'saga'}",0.9430177216328854,0.9299556228056839,0.9415981061753453,0.9785501267724745,0.966807010060599,0.9519857174893976,0.017882902696752623
133,3.624711275100708,0.629407211472585,0.022055673599243163,0.0016867871292841597,4.1,False,l1,liblinear,"{'C': np.float64(4.1), 'fit_intercept': False, 'penalty': 'l1', 'solver': 'liblinear'}",0.9372241674518242,0.928055607254742,0.9146845285296487,0.967343694067062,0.9423263491135114,0.9379268692833577,0.01745191686173323
122,281.4847912311554,12.868381758482366,0.022188472747802734,0.0017561823746029249,4.1,False,l1,saga,"{'C': np.float64(4.1), 'fit_intercept': False, 'penalty': 'l1', 'solver': 'saga'}",0.9364413459200791,0.9296370170857032,0.9153021441354242,0.9673570036270067,0.9428457746868824,0.9383166570910191,0.017160276118526666
234,3.561577081680298,0.32672332280566524,0.01944003105163574,0.0008591245041819766,4.1,False,l2,liblinear,"{'C': np.float64(4.1), 'fit_intercept': False, 'penalty': 'l2', 'solver': 'liblinear'}",0.9339836081601012,0.9308940551658282,0.9088464006115982,0.9655609500459267,0.9379545135992857,0.9354479055165481,0.018130638807729346
233,11.976490259170532,0.37918195870798915,0.02002091407775879,0.0011908528783203332,4.1,False,l2,saga,"{'C': np.float64(4.1), 'fit_intercept': False, 'penalty': 'l2', 'solver': 'saga'}",0.9339861604628406,0.93089470547006,0.9088461838435209,0.9655600829736175,0.9379544270788271,0.935448311965773,0.018130338143326433
88,7.117650079727173,1.5393979025385884,0.023099565505981447,0.0032414827828724283,4.199999999999999,True,l1,liblinear,"{'C': np.float64(4.199999999999999), 'fit_intercept': True, 'penalty': 'l1', 'solver': 'liblinear'}",0.9456031610485726,0.9245315002384232,0.94308246893811,0.9775538173356975,0.964407689592281,0.9510357274306168,0.01831534668777133
3,189.34972038269044,14.206075961264052,0.0232027530670166,0.006175567263210469,4.199999999999999,True,l1,saga,"{'C': np.float64(4.199999999999999), 'fit_intercept': True, 'penalty': 'l1', 'solver': 'saga'}",0.9449217394765098,0.9288703300731848,0.9434977098669404,0.9779505462707285,0.9651644191535531,0.9520809489681833,0.017344003921764734
59,3.7387088775634765,0.33945773949004193,0.02066464424133301,0.0011116803953957395,4.199999999999999,True,l2,liblinear,"{'C': np.float64(4.199999999999999), 'fit_intercept': True, 'penalty': 'l2', 'solver': 'liblinear'}",0.9431703839441989,0.9281231955412368,0.9416850735279485,0.9785393750758418,0.9668276019297523,0.9516691260037957,0.018319991481304167
26,28.52201943397522,1.0696169508754978,0.024074363708496093,0.003026761741371101,4.199999999999999,True,l2,saga,"{'C': np.float64(4.199999999999999), 'fit_intercept': True, 'penalty': 'l2', 'solver': 'saga'}",0.9430246863912084,0.9299373709335772,0.9416538155712053,0.9785485660423182,0.9668380276450169,0.9520004933166651,0.01788492555206294
136,4.70726752281189,0.8294449287363287,0.022094202041625977,0.0035060306783152055,4.199999999999999,False,l1,liblinear,"{'C': np.float64(4.199999999999999), 'fit_intercept': False, 'penalty': 'l1', 'solver': 'liblinear'}",0.9371646425608162,0.9277541262128661,0.914565913037763,0.9673643303880187,0.9424110526425078,0.9378520129683944,0.017529654686906065
123,288.9508650779724,6.449372260195048,0.026738834381103516,0.01238556512528868,4.199999999999999,False,l1,saga,"{'C': np.float64(4.199999999999999), 'fit_intercept': False, 'penalty': 'l1', 'solver': 'saga'}",0.9363909054964489,0.9294242808946642,0.915280597388543,0.9674126696692513,0.9429078098557185,0.938283252660925,0.01721100794619095
231,5.060781955718994,2.234830924231667,0.02995920181274414,0.012559355290432268,4.199999999999999,False,l2,liblinear,"{'C': np.float64(4.199999999999999), 'fit_intercept': False, 'penalty': 'l2', 'solver': 'liblinear'}",0.9339688134560862,0.9309102694180085,0.9090518100416252,0.9656744498111884,0.9381320968406188,0.9355474879135054,0.01811259777502107
230,16.092608213424683,3.19773455841335,0.021391868591308594,0.003994218783535463,4.199999999999999,False,l2,saga,"{'C': np.float64(4.199999999999999), 'fit_intercept': False, 'penalty': 'l2', 'solver': 'saga'}",0.9339723607243005,0.9309120469162421,0.9090610443617171,0.9656741896894958,0.9381330485656638,0.935550538051484,0.01810968397400737
92,4.76137056350708,0.46630016830938786,0.02232189178466797,0.003435147442045469,4.299999999999999,True,l1,liblinear,"{'C': np.float64(4.299999999999999), 'fit_intercept': True, 'penalty': 'l1', 'solver': 'liblinear'}",0.9455770323900197,0.9243448629238884,0.942732215078847,0.9775246403524961,0.9643856701355602,0.9509128841761623,0.0183899752186952
16,181.0847906112671,12.883678631912025,0.018578100204467773,0.0016397130919731946,4.299999999999999,True,l1,saga,"{'C': np.float64(4.299999999999999), 'fit_intercept': True, 'penalty': 'l1', 'solver': 'saga'}",0.944878134033097,0.928747834432716,0.9433899327789186,0.9779479884074167,0.9652275790883513,0.9520382937480999,0.01739986813079204
57,3.7534881114959715,0.33403667782761015,0.020846080780029298,0.0009407678396681204,4.299999999999999,True,l2,liblinear,"{'C': np.float64(4.299999999999999), 'fit_intercept': True, 'penalty': 'l2', 'solver': 'liblinear'}",0.9431741042498869,0.9280976169081181,0.9417406962165777,0.9785316581322907,0.9668561536810995,0.9516800458375945,0.018322641728192354
22,23.059682893753052,1.1296114509760888,0.019832754135131837,0.0021723424314679775,4.299999999999999,True,l2,saga,"{'C': np.float64(4.299999999999999), 'fit_intercept': True, 'penalty': 'l2', 'solver': 'saga'}",0.9430326893743742,0.9299289169785634,0.9417087879556025,0.9785457480573136,0.9668653681099433,0.9520163020951593,0.017883562235266867
138,3.8176472663879393,0.5325599349503752,0.023396682739257813,0.0017865167592949357,4.299999999999999,False,l1,liblinear,"{'C': np.float64(4.299999999999999), 'fit_intercept': False, 'penalty': 'l1', 'solver': 'liblinear'}",0.937114029099712,0.9274590615060777,0.9144599134479751,0.9673721340388007,0.9424487755624695,0.9377707827310069,0.017597063180327083
124,272.34030623435973,6.825436543943022,0.020331096649169923,0.0016804145990518549,4.299999999999999,False,l1,saga,"{'C': np.float64(4.299999999999999), 'fit_intercept': False, 'penalty': 'l1', 'solver': 'saga'}",0.9363318564584939,0.9292062555625399,0.9152254082360685,0.9674604887070986,0.9429741710474859,0.9382396360023373,0.017269454649888716
228,3.352771520614624,0.4459222467144525,0.020954704284667967,0.004411839340328318,4.299999999999999,False,l2,liblinear,"{'C': np.float64(4.299999999999999), 'fit_intercept': False, 'penalty': 'l2', 'solver': 'liblinear'}",0.9339551867550197,0.9309208910537949,0.9092546182547248,0.9657842645191367,0.9383026286645739,0.93564351784945,0.018094547066391506
227,11.49237699508667,0.36402179269213136,0.019079017639160156,0.0005667416825958145,4.299999999999999,False,l2,saga,"{'C': np.float64(4.299999999999999), 'fit_intercept': False, 'penalty': 'l2', 'solver': 'saga'}",0.9339599452855508,0.9309255732442642,0.9092651531832803,0.9657832673859812,0.9383025421441153,0.9356472962486384,0.018090806401484142
95,4.51258397102356,0.20844520556846674,0.02052159309387207,0.0019032437642308153,4.399999999999999,True,l1,liblinear,"{'C': np.float64(4.399999999999999), 'fit_intercept': True, 'penalty': 'l1', 'solver': 'liblinear'}",0.9455769458712826,0.9241057677346526,0.9424009067495379,0.9774835411250444,0.9643364183644865,0.9507807159690008,0.018469711572403458
28,184.39860587120057,13.687690261893454,0.020455551147460938,0.001761377504773725,4.399999999999999,True,l1,saga,"{'C': np.float64(4.399999999999999), 'fit_intercept': True, 'penalty': 'l1', 'solver': 'saga'}",0.9448421854979023,0.9286554478781809,0.9432516130688086,0.9779435663386402,0.9652534054452515,0.9519892436457568,0.017443953152198474
54,3.7302331924438477,0.2706801671625807,0.01888308525085449,0.0006093975635760523,4.399999999999999,True,l2,liblinear,"{'C': np.float64(4.399999999999999), 'fit_intercept': True, 'penalty': 'l2', 'solver': 'liblinear'}",0.9431966423808573,0.9280598992626721,0.9417801913602575,0.9785269759418216,0.9668796439856168,0.9516886705862451,0.018328511369198646
20,23.664983701705932,0.8523583576635899,0.020125818252563477,0.0022970569147613322,4.399999999999999,True,l2,saga,"{'C': np.float64(4.399999999999999), 'fit_intercept': True, 'penalty': 'l2', 'solver': 'saga'}",0.9430373613861686,0.9299008238357485,0.9417604221116098,0.9785433636084637,0.9668910646861557,0.9520266071256291,0.017887659728627967
141,4.344960355758667,0.9628101603825997,0.023421382904052733,0.0026715648723660526,4.399999999999999,False,l1,liblinear,"{'C': np.float64(4.399999999999999), 'fit_intercept': False, 'penalty': 'l1', 'solver': 'liblinear'}",0.937074230480724,0.9271530716881946,0.9143717755477544,0.9673448212610639,0.942478884682072,0.9376845567319616,0.017649290718509326
125,279.8023386478424,6.0384637590787795,0.018677902221679688,0.0011371177152656611,4.399999999999999,False,l1,saga,"{'C': np.float64(4.399999999999999), 'fit_intercept': False, 'penalty': 'l1', 'solver': 'saga'}",0.9362915387270844,0.929007522589293,0.9151653201250474,0.9675037556153228,0.9430257805010572,0.9381987835115609,0.017324771776423775
225,3.4462990283966066,0.1054189845664629,0.01994333267211914,0.0014110133186254394,4.399999999999999,False,l2,liblinear,"{'C': np.float64(4.399999999999999), 'fit_intercept': False, 'penalty': 'l2', 'solver': 'liblinear'}",0.9339432471693232,0.9309345040890479,0.9094602010992137,0.9658839778346837,0.9384714300793565,0.935738672054325,0.018072459949379397
224,11.566895055770875,0.20436786688382322,0.020822954177856446,0.0011541496384716067,4.399999999999999,False,l2,saga,"{'C': np.float64(4.399999999999999), 'fit_intercept': False, 'penalty': 'l2', 'solver': 'saga'}",0.9339443719129035,0.9309415707283671,0.9094581634792873,0.9658839344810682,0.9384729441873825,0.9357401969578018,0.018072686044635536
96,4.642153549194336,0.32041563891665215,0.018342113494873045,0.0003881707991584763,4.499999999999998,True,l1,liblinear,"{'C': np.float64(4.499999999999998), 'fit_intercept': True, 'penalty': 'l1', 'solver': 'liblinear'}",0.9455587769365272,0.9238664557773395,0.9421141876137247,0.9774410545818986,0.964285825526304,0.9506532600871587,0.018546348302327174
34,189.44013571739197,14.207432227249164,0.01974635124206543,0.002945524981724449,4.499999999999998,True,l1,saga,"{'C': np.float64(4.499999999999998), 'fit_intercept': True, 'penalty': 'l1', 'solver': 'saga'}",0.9448173546204034,0.928571471925044,0.9431241751161779,0.97793832055117,0.9652780421458459,0.9519458728717283,0.017483448271370005
52,3.708248519897461,0.23362293069177842,0.020901823043823244,0.0008322677784878237,4.499999999999998,True,l2,liblinear,"{'C': np.float64(4.499999999999998), 'fit_intercept': True, 'penalty': 'l2', 'solver': 'liblinear'}",0.9431978103838058,0.9280148115025987,0.9418258860709472,0.9785206463139651,0.9669142954292973,0.9516946899401229,0.018339003361339635
17,22.511179065704347,1.1879020192486043,0.019555187225341795,0.001509995505977596,4.499999999999998,True,l2,saga,"{'C': np.float64(4.499999999999998), 'fit_intercept': True, 'penalty': 'l2', 'solver': 'saga'}",0.9430428985853321,0.9298800141003298,0.9418069838946087,0.9785374241631463,0.9669168477828267,0.9520368337052487,0.01788944641212002
144,3.5610934257507325,0.3594693140025723,0.021564960479736328,0.002118407301244778,4.499999999999998,False,l1,liblinear,"{'C': np.float64(4.499999999999998), 'fit_intercept': False, 'penalty': 'l1', 'solver': 'liblinear'}",0.9370431702541661,0.9268590908217925,0.9142265842895947,0.967342350104983,0.9425069605708966,0.9375956312082867,0.017723878287168312
126,288.57073068618774,12.447768622540348,0.02450728416442871,0.0058235971286940335,4.499999999999998,False,l1,saga,"{'C': np.float64(4.499999999999998), 'fit_intercept': False, 'penalty': 'l1', 'solver': 'saga'}",0.936237464516503,0.9288273883170763,0.9151428629522416,0.9675526584935563,0.9430660557745484,0.9381652860107851,0.017369974083210945
223,3.2806814193725584,0.14195625494249958,0.02538456916809082,0.012571541624498394,4.499999999999998,False,l2,liblinear,"{'C': np.float64(4.499999999999998), 'fit_intercept': False, 'penalty': 'l2', 'solver': 'liblinear'}",0.9339346818143671,0.9309449956639881,0.909654988893454,0.9659755840241406,0.9386415293010185,0.9358303559393937,0.018051302652988772
222,11.534586954116822,0.19816145939965546,0.02018108367919922,0.0007256801652921185,4.499999999999998,False,l2,saga,"{'C': np.float64(4.499999999999998), 'fit_intercept': False, 'penalty': 'l2', 'solver': 'saga'}",0.9339346385549987,0.9309526259003083,0.9096537749922212,0.9659790956669925,0.9386394960702409,0.9358319262369523,0.01805235246679847
97,4.441707611083984,0.33884214141948216,0.020706939697265624,0.0007573203105813376,4.599999999999998,True,l1,liblinear,"{'C': np.float64(4.599999999999998), 'fit_intercept': True, 'penalty': 'l1', 'solver': 'liblinear'}",0.945532345462395,0.9236150048076991,0.941844137943054,0.9773867975321562,0.9642462640465965,0.9505249099583801,0.0186239687515185
37,187.6896023273468,7.388699850133483,0.020322513580322266,0.0007937846659315841,4.599999999999998,True,l1,saga,"{'C': np.float64(4.599999999999998), 'fit_intercept': True, 'penalty': 'l1', 'solver': 'saga'}",0.9448375567454765,0.9284934354172246,0.9429951547565831,0.9779269619039209,0.9653075023620086,0.9519121222370426,0.017516876262007815
49,3.7797271251678466,0.2701847800555805,0.019994258880615234,0.0005413968230727107,4.599999999999998,True,l2,liblinear,"{'C': np.float64(4.599999999999998), 'fit_intercept': True, 'penalty': 'l2', 'solver': 'liblinear'}",0.9432115236036094,0.9279664722213661,0.9418665951158597,0.978511021811334,0.9669389537600062,0.951698913302435,0.01834713612708849
14,23.59609146118164,1.112567631982995,0.02117919921875,0.0011133487097773238,4.599999999999998,True,l2,saga,"{'C': np.float64(4.599999999999998), 'fit_intercept': True, 'penalty': 'l2', 'solver': 'saga'}",0.9430485223032327,0.9298576869883705,0.941853762445685,0.9785335656913707,0.9669370935701456,0.9520461261997608,0.01789130151475483
147,4.680832624435425,0.5145618912934099,0.021413087844848633,0.0018081819771555289,4.599999999999998,False,l1,liblinear,"{'C': np.float64(4.599999999999998), 'fit_intercept': False, 'penalty': 'l1', 'solver': 'liblinear'}",0.9370052750473906,0.9265348491318026,0.9140630544520978,0.9673610788668596,0.9425378483746267,0.9375004211745555,0.017814789638993758
127,285.9981739997864,5.371541081099068,0.0207730770111084,0.002289935661834161,4.599999999999998,False,l1,saga,"{'C': np.float64(4.599999999999998), 'fit_intercept': False, 'penalty': 'l1', 'solver': 'saga'}",0.9361857695711873,0.9286536270263317,0.9151146831021957,0.967603208809177,0.9431095755652381,0.938133372814826,0.017416960940661367
220,3.294988203048706,0.13003633740742826,0.01866908073425293,0.0004718055472801633,4.599999999999998,False,l2,liblinear,"{'C': np.float64(4.599999999999998), 'fit_intercept': False, 'penalty': 'l2', 'solver': 'liblinear'}",0.9339202764446681,0.9309274374497287,0.9098410192573725,0.9660700081986022,0.9387829037304161,0.9359083290161575,0.018034723966706835
219,11.879095888137817,0.2136903323736656,0.019639968872070312,0.0015888847567992247,4.599999999999998,False,l2,saga,"{'C': np.float64(4.599999999999998), 'fit_intercept': False, 'penalty': 'l2', 'solver': 'saga'}",0.9339209685945637,0.9309428279832154,0.9098384180404453,0.9660704850883722,0.9387857589055509,0.9359116917224295,0.01803486215854767
98,4.614484262466431,0.23762050572531573,0.023830413818359375,0.006472280344184564,4.6999999999999975,True,l1,liblinear,"{'C': np.float64(4.6999999999999975), 'fit_intercept': True, 'penalty': 'l1', 'solver': 'liblinear'}",0.9455149984556406,0.9234133888190246,0.941567325108372,0.9773434439167009,0.9642027442559068,0.950408380111129,0.018690217424191725
38,201.66397676467895,16.956415144714736,0.0205686092376709,0.0024957992393299317,4.6999999999999975,True,l1,saga,"{'C': np.float64(4.6999999999999975), 'fit_intercept': True, 'penalty': 'l1', 'solver': 'saga'}",0.9448343122928418,0.9283923347859829,0.9428604117197482,0.9779189414850615,0.9653194854455285,0.9518650971458325,0.017557392958212917
46,3.8985751628875733,0.2221344021143337,0.020795297622680665,0.0016220784954753542,4.6999999999999975,True,l2,liblinear,"{'C': np.float64(4.6999999999999975), 'fit_intercept': True, 'penalty': 'l2', 'solver': 'liblinear'}",0.943227962163626,0.9279345639603909,0.9419077810505423,0.9785025678563202,0.9669580747813628,0.9517061899624484,0.018350178338947844
12,22.889195728302003,1.443114571252262,0.01901865005493164,0.0009330349206525268,4.6999999999999975,True,l2,saga,"{'C': np.float64(4.6999999999999975), 'fit_intercept': True, 'penalty': 'l2', 'solver': 'saga'}",0.9430570876581887,0.9298336257317927,0.9418986767912967,0.9785252417972035,0.966956430892649,0.9520542125742262,0.017892060486980946
150,4.467232131958008,1.1255239681615103,0.02188429832458496,0.0018115953712266322,4.6999999999999975,False,l1,liblinear,"{'C': np.float64(4.6999999999999975), 'fit_intercept': False, 'penalty': 'l1', 'solver': 'liblinear'}",0.9369634864974534,0.9262290327283813,0.9138769807345637,0.9673648506314042,0.942560386954099,0.9373989475091804,0.01790438689552527
128,301.53639674186707,13.20156164964655,0.018310117721557616,0.001058829503327009,4.6999999999999975,False,l1,saga,"{'C': np.float64(4.6999999999999975), 'fit_intercept': False, 'penalty': 'l1', 'solver': 'saga'}",0.9361438512431444,0.9284564114296258,0.9150634824823429,0.9676350303629213,0.9431511486456088,0.9380899848327287,0.017466184915291394
217,3.319028377532959,0.2439678898793322,0.019776535034179688,0.0011548772651441043,4.6999999999999975,False,l2,liblinear,"{'C': np.float64(4.6999999999999975), 'fit_intercept': False, 'penalty': 'l2', 'solver': 'liblinear'}",0.9339050491469685,0.9309325531763525,0.91001504066981,0.9661584929277465,0.938925835528069,0.9359873942897894,0.018018770005021636
216,11.934332132339478,0.36218761131905275,0.01909480094909668,0.0006685668923096115,4.6999999999999975,False,l2,saga,"{'C': np.float64(4.6999999999999975), 'fit_intercept': False, 'penalty': 'l2', 'solver': 'saga'}",0.933907601449708,0.9309371920132061,0.9100157776812727,0.96615788597713,0.9389268305133432,0.9359890575269321,0.0180180675472609
99,4.521979141235351,0.24058749442743804,0.01942615509033203,0.0011055830852320196,4.799999999999997,True,l1,liblinear,"{'C': np.float64(4.799999999999997), 'fit_intercept': True, 'penalty': 'l1', 'solver': 'liblinear'}",0.9455100668876356,0.9232046411606075,0.9412855916383361,0.9772892302205742,0.9641771990904968,0.9502933457995301,0.018758232694322394
39,201.47857937812805,12.333128949827968,0.019999980926513672,0.0020085958894792287,4.799999999999997,True,l1,saga,"{'C': np.float64(4.799999999999997), 'fit_intercept': True, 'penalty': 'l1', 'solver': 'saga'}",0.9448086594873419,0.9282837990096907,0.9427354232463907,0.977897828274335,0.9653319011313417,0.9518115222298199,0.01759696239672529
42,3.8933053970336915,0.28467037601524786,0.01987457275390625,0.0016873164785707684,4.799999999999997,True,l2,liblinear,"{'C': np.float64(4.799999999999997), 'fit_intercept': True, 'penalty': 'l2', 'solver': 'liblinear'}",0.9432189642149853,0.9279169623925161,0.9419398193723636,0.9784987527381601,0.9669742108468968,0.9517097419129843,0.01835372530306556
10,22.863956117630003,1.5157883310984308,0.019430160522460938,0.0011449305320356867,4.799999999999997,True,l2,saga,"{'C': np.float64(4.799999999999997), 'fit_intercept': True, 'penalty': 'l2', 'solver': 'saga'}",0.9430581691424003,0.9298075702089041,0.9419399060795945,0.9785223371049678,0.9669775851447833,0.95206111353613,0.01789642152366397
153,5.045813274383545,0.4171660996418752,0.02264552116394043,0.003990640061933488,4.799999999999997,False,l1,liblinear,"{'C': np.float64(4.799999999999997), 'fit_intercept': False, 'penalty': 'l1', 'solver': 'liblinear'}",0.9369332914582646,0.925908259327628,0.9137214279623103,0.9673700530652589,0.9425738408854158,0.9373013745397755,0.01798820040817343
129,307.0094170093536,20.996645231909664,0.021013545989990234,0.0031031720467130713,4.799999999999997,False,l1,saga,"{'C': np.float64(4.799999999999997), 'fit_intercept': False, 'penalty': 'l1', 'solver': 'saga'}",0.9360956170473057,0.9282726788073264,0.9150566326111012,0.9676973295083305,0.9431742496080623,0.9380593015164254,0.017511894327808038
214,3.4146360397338866,0.24559309120361414,0.018018007278442383,0.0007734989530518128,4.799999999999997,False,l2,liblinear,"{'C': np.float64(4.799999999999997), 'fit_intercept': False, 'penalty': 'l2', 'solver': 'liblinear'}",0.9338942343048522,0.9309276975714215,0.9101845533062399,0.966251313018436,0.9390731366088825,0.9360661869619665,0.018006465469240607
213,12.373363161087036,0.431715087328661,0.019278669357299806,0.0014198020329980424,4.799999999999997,False,l2,saga,"{'C': np.float64(4.799999999999997), 'fit_intercept': False, 'penalty': 'l2', 'solver': 'saga'}",0.9338953590484323,0.9309324664691215,0.9101817786748508,0.966251876615437,0.939077895234107,0.9360678752083897,0.01800731187392595
100,4.796230173110962,0.20542620899604158,0.018923854827880858,0.002068662691244931,4.899999999999997,True,l1,liblinear,"{'C': np.float64(4.899999999999997), 'fit_intercept': True, 'penalty': 'l1', 'solver': 'liblinear'}",0.9455022369419432,0.9230006407230829,0.9410669376787877,0.9772377261254133,0.9641212636139942,0.9501857610166443,0.018815558195746138
40,197.60498442649842,8.070917114338704,0.01887850761413574,0.0010331594339279342,4.899999999999997,True,l1,saga,"{'C': np.float64(4.899999999999997), 'fit_intercept': True, 'penalty': 'l1', 'solver': 'saga'}",0.9447337775205287,0.9281903936451923,0.9425612500962992,0.9778873366993946,0.9653461770070152,0.951743786993686,0.01764500926723514
41,3.6951723098754883,0.2533779799156508,0.023070287704467774,0.007488390731280148,4.899999999999997,True,l2,liblinear,"{'C': np.float64(4.899999999999997), 'fit_intercept': True, 'penalty': 'l2', 'solver': 'liblinear'}",0.9432290869072062,0.9278820627320746,0.9419693431844887,0.9784913392699173,0.9669869726145444,0.9517117609416463,0.018358664909958182
9,22.723540258407592,1.2103103472609873,0.022630929946899414,0.0042122277571921924,4.899999999999997,True,l2,saga,"{'C': np.float64(4.899999999999997), 'fit_intercept': True, 'penalty': 'l2', 'solver': 'saga'}",0.943061673151246,0.9297756619479292,0.9419601955716277,0.978514923636725,0.9669987826571471,0.952062247392935,0.017903060322949835
156,3.839748239517212,0.9332620388319682,0.021166324615478516,0.0024686803895482387,4.899999999999997,False,l1,liblinear,"{'C': np.float64(4.899999999999997), 'fit_intercept': False, 'penalty': 'l1', 'solver': 'liblinear'}",0.9368871769714808,0.9255877026949518,0.9135641410454386,0.9673749520238053,0.9425629393076287,0.937195382408661,0.018071446408704717
130,311.55139312744143,17.97286639110696,0.02063589096069336,0.0011688236896113145,4.899999999999997,False,l1,saga,"{'C': np.float64(4.899999999999997), 'fit_intercept': False, 'penalty': 'l1', 'solver': 'saga'}",0.936057678581162,0.9280525291480447,0.9150040013219385,0.9677243821643746,0.9431846536932122,0.9380046489817463,0.01756109429934911
212,3.548843431472778,0.223599159373503,0.021307992935180663,0.0032282352493291093,4.899999999999997,False,l2,liblinear,"{'C': np.float64(4.899999999999997), 'fit_intercept': False, 'penalty': 'l2', 'solver': 'liblinear'}",0.9338857122092645,0.9309356312830498,0.9103520716763589,0.9663407948807358,0.9392061618140224,0.9361440743726863,0.017992630664281202
211,12.515097904205323,0.6193146133795506,0.021179342269897462,0.0012064517861092555,4.899999999999997,False,l2,saga,"{'C': np.float64(4.899999999999997), 'fit_intercept': False, 'penalty': 'l2', 'solver': 'saga'}",0.9338857987280015,0.9309404435343654,0.9103513346648963,0.9663399278084267,0.9392060752935638,0.9361447160058507,0.017992267320804313
101,4.787051868438721,0.08900376734531333,0.019254350662231447,0.00030735595353690735,4.9999999999999964,True,l1,liblinear,"{'C': np.float64(4.9999999999999964), 'fit_intercept': True, 'penalty': 'l1', 'solver': 'liblinear'}",0.9454389917452473,0.9227982010157145,0.940793701517381,0.9771879561748706,0.9641033322489435,0.9500644365404314,0.018886846095547735
53,209.37842717170716,15.179621997392944,0.019372034072875976,0.0016387184457440896,4.9999999999999964,True,l1,saga,"{'C': np.float64(4.9999999999999964), 'fit_intercept': True, 'penalty': 'l1', 'solver': 'saga'}",0.9447422996161164,0.9280713446171522,0.9424363266533649,0.97788070359623,0.9653284186828819,0.9516918186331491,0.017684463778255707
44,3.889172983169556,0.34706079068618423,0.019179821014404297,0.002200089096960921,4.9999999999999964,True,l2,liblinear,"{'C': np.float64(4.9999999999999964), 'fit_intercept': True, 'penalty': 'l2', 'solver': 'liblinear'}",0.9432318122474194,0.9278166421263526,0.9420028555292355,0.9784822350106717,0.9670047958290217,0.9517076681485401,0.018372175655337754
7,23.41825647354126,1.569108288507058,0.020313310623168945,0.0012227282489698655,4.9999999999999964,True,l2,saga,"{'C': np.float64(4.9999999999999964), 'fit_intercept': True, 'penalty': 'l2', 'solver': 'saga'}",0.943068464872095,0.9297496497786559,0.941984993839668,0.9785110651649495,0.967017384555752,0.9520663116422241,0.017908027149918102
159,5.0380748271942135,0.4053681083316904,0.021534156799316407,0.0026714937664232856,4.9999999999999964,False,l1,liblinear,"{'C': np.float64(4.9999999999999964), 'fit_intercept': False, 'penalty': 'l1', 'solver': 'liblinear'}",0.9368566791167129,0.9252539232095618,0.9134073743719524,0.9673763393394998,0.9425582239426336,0.9370905079960721,0.018155868095168632
132,316.2165674686432,12.916274340869998,0.020174169540405275,0.0012659578944050395,4.9999999999999964,False,l1,saga,"{'C': np.float64(4.9999999999999964), 'fit_intercept': False, 'penalty': 'l1', 'solver': 'saga'}",0.9360147652876445,0.9278601691562697,0.9149449103440729,0.9677490070179532,0.9432236744200535,0.9379585052451989,0.017610088411890573
209,3.5969369888305662,0.2884073634104921,0.018578052520751953,0.0006024922312572336,4.9999999999999964,False,l2,liblinear,"{'C': np.float64(4.9999999999999964), 'fit_intercept': False, 'penalty': 'l2', 'solver': 'liblinear'}",0.9338764114450446,0.9309190702019459,0.9105282174159538,0.9664484419079111,0.939335120557607,0.9362214523056925,0.017984007462782815
208,12.468649625778198,0.30655157982062387,0.01952953338623047,0.0014467800713514256,4.9999999999999964,False,l2,saga,"{'C': np.float64(4.9999999999999964), 'fit_intercept': False, 'penalty': 'l2', 'solver': 'saga'}",0.9338768007793607,0.930926787145497,0.9105286075984929,0.9664476615428329,0.9393342553530208,0.9362228224838409,0.01798313875472634
102,4.972906589508057,0.5804363456340451,0.023056983947753906,0.007717331218979409,5.099999999999996,True,l1,liblinear,"{'C': np.float64(5.099999999999996), 'fit_intercept': True, 'penalty': 'l1', 'solver': 'liblinear'}",0.9454366124799816,0.9226265206985117,0.9405781039877219,0.9771145585039048,0.9640555296955517,0.9499622650731343,0.018929627980780486
66,212.68343448638916,14.2597337702916,0.02055325508117676,0.002173582513124595,5.099999999999996,True,l1,saga,"{'C': np.float64(5.099999999999996), 'fit_intercept': True, 'penalty': 'l1', 'solver': 'saga'}",0.9447431648034856,0.9279647814303633,0.9422520521108724,0.9778604141041971,0.9653293271476974,0.9516299479193231,0.017726382394315867
45,4.012285232543945,0.36704871195697786,0.020401906967163087,0.0015794880118164467,5.099999999999996,True,l2,liblinear,"{'C': np.float64(5.099999999999996), 'fit_intercept': True, 'penalty': 'l2', 'solver': 'liblinear'}",0.9432479479918568,0.9277760197886711,0.9420235785574231,0.9784707029489605,0.9670188986637781,0.9517074295901379,0.018378063341349737
6,23.24420666694641,1.5382409118064946,0.01804523468017578,0.00042946871197396927,5.099999999999996,True,l2,saga,"{'C': np.float64(5.099999999999996), 'fit_intercept': True, 'penalty': 'l2', 'solver': 'saga'}",0.9430759920022079,0.929726802423311,0.9420077978413974,0.9784995331032385,0.9670329149780756,0.9520686080696461,0.017909592988702136
166,4.503665256500244,0.7758057355367023,0.021773433685302733,0.0027304702864126783,5.099999999999996,False,l1,liblinear,"{'C': np.float64(5.099999999999996), 'fit_intercept': False, 'penalty': 'l1', 'solver': 'liblinear'}",0.9368253160745756,0.9249360545010439,0.913252775379239,0.9673651541067125,0.9425607330359337,0.9369880066195009,0.01823438284823432
134,329.22626490592955,24.242905926721715,0.018590497970581054,0.0009131926505717413,5.099999999999996,False,l1,saga,"{'C': np.float64(5.099999999999996), 'fit_intercept': False, 'penalty': 'l1', 'solver': 'saga'}",0.9359746638530773,0.9276375916945224,0.9149011231924632,0.9677775336969228,0.9432308988783489,0.9379043622630668,0.017658186121062822
206,3.583946418762207,0.2909441867244512,0.01884469985961914,0.0008595382758162916,5.099999999999996,False,l2,liblinear,"{'C': np.float64(5.099999999999996), 'fit_intercept': False, 'penalty': 'l2', 'solver': 'liblinear'}",0.9338570745073407,0.9309206309321022,0.9106790446441225,0.966520799092106,0.9394603589214704,0.9362875816194285,0.017970100973986082
205,12.572675561904907,0.3147051576261737,0.02436089515686035,0.010497845618594232,5.099999999999996,False,l2,saga,"{'C': np.float64(5.099999999999996), 'fit_intercept': False, 'penalty': 'l2', 'solver': 'saga'}",0.9338581559915523,0.9309240992213387,0.9106816025074344,0.9665215794571841,0.9394579796088582,0.9362886833572736,0.017969314183883256
103,4.761030197143555,0.27935012587111524,0.01902165412902832,0.0010336472076409547,5.199999999999996,True,l1,liblinear,"{'C': np.float64(5.199999999999996), 'fit_intercept': True, 'penalty': 'l1', 'solver': 'liblinear'}",0.9454040381755275,0.9224428314298279,0.9403559167085138,0.9770752801283025,0.9640466180883133,0.9498649369060971,0.018993766402577036
70,216.1958293914795,12.876674544388072,0.018287849426269532,0.001086481217596719,5.199999999999996,True,l1,saga,"{'C': np.float64(5.199999999999996), 'fit_intercept': True, 'penalty': 'l1', 'solver': 'saga'}",0.9447239576438872,0.9278743457885236,0.9421342603376806,0.9778369597982357,0.9653242657008676,0.9515787578538388,0.017756790959735907
43,3.754217338562012,0.295816024434103,0.017432689666748047,0.0007010553242862836,5.199999999999996,True,l2,liblinear,"{'C': np.float64(5.199999999999996), 'fit_intercept': True, 'penalty': 'l2', 'solver': 'liblinear'}",0.9432664197421915,0.9277343136106031,0.9420456021940744,0.9784641999066424,0.9670314441302791,0.951708395916758,0.01838511365415169
4,23.059008502960204,1.5443371987692753,0.018257761001586915,0.0008974496226518774,5.199999999999996,True,l2,saga,"{'C': np.float64(5.199999999999996), 'fit_intercept': True, 'penalty': 'l2', 'solver': 'saga'}",0.9430788471205267,0.9296995763528051,0.9420407465891435,0.9784942873157683,0.96704714759352,0.9520721209943526,0.017913238098833398
175,3.694212245941162,0.8490617032798848,0.020341825485229493,0.002675137231324673,5.199999999999996,False,l1,liblinear,"{'C': np.float64(5.199999999999996), 'fit_intercept': False, 'penalty': 'l1', 'solver': 'liblinear'}",0.9367818404092683,0.9246183592069878,0.9130751556167189,0.9673603852090125,0.9425574452585057,0.9368786371400987,0.018321109923913028
135,337.6348073005676,23.73483487266405,0.01993732452392578,0.001500459398038661,5.199999999999996,False,l1,saga,"{'C': np.float64(5.199999999999996), 'fit_intercept': False, 'penalty': 'l1', 'solver': 'saga'}",0.9359367686463018,0.9274530353535295,0.9148725531598781,0.9677569407295816,0.9432640794742325,0.9378566754727048,0.017683085301551264
204,3.633745288848877,0.246426336801696,0.019263696670532227,0.000983207630010914,5.199999999999996,False,l2,liblinear,"{'C': np.float64(5.199999999999996), 'fit_intercept': False, 'penalty': 'l2', 'solver': 'liblinear'}",0.9338511912332295,0.9309206742857177,0.9108218514534322,0.9665965378583063,0.9395742198450245,0.9363528949351421,0.017959156969635574
203,12.771759653091431,0.3566716466179547,0.01810317039489746,0.0004113200588123312,5.199999999999996,False,l2,saga,"{'C': np.float64(5.199999999999996), 'fit_intercept': False, 'penalty': 'l2', 'solver': 'saga'}",0.9338516238269141,0.9309271339744206,0.9108241491950513,0.966594717006457,0.9395747389677762,0.9363544725941239,0.01795750632432356
104,4.751106071472168,0.30962984836714624,0.019107675552368163,0.0025861904300402304,5.299999999999995,True,l1,liblinear,"{'C': np.float64(5.299999999999995), 'fit_intercept': True, 'penalty': 'l1', 'solver': 'liblinear'}",0.9454234183725998,0.9222782177519442,0.940141966616242,0.9770432851600964,0.9640013246282215,0.9497776425058209,0.019046008935812306
74,220.60337796211243,16.44481053173299,0.01873950958251953,0.0011192333966426023,5.299999999999995,True,l1,saga,"{'C': np.float64(5.299999999999995), 'fit_intercept': True, 'penalty': 'l1', 'solver': 'saga'}",0.9446863219933225,0.9277825228309893,0.9420065405865494,0.9778250375539855,0.9653201992393121,0.9515241244408317,0.017793669111039825
47,3.9106181621551515,0.4108694005877382,0.01861233711242676,0.0019510089330546454,5.299999999999995,True,l2,liblinear,"{'C': np.float64(5.299999999999995), 'fit_intercept': True, 'penalty': 'l2', 'solver': 'liblinear'}",0.9432742064285152,0.9277015382773189,0.9420517150538535,0.978451020407544,0.9670429080910472,0.9517042776516558,0.01839038550335438
5,23.15385036468506,1.4285062494759004,0.023583507537841795,0.004385695163477504,5.299999999999995,True,l2,saga,"{'C': np.float64(5.299999999999995), 'fit_intercept': True, 'penalty': 'l2', 'solver': 'saga'}",0.9430811831264239,0.92966528364298,0.9420524954189319,0.9784835356191355,0.9670644516852456,0.9520693898985433,0.01791998317655635
182,5.001854705810547,0.46979545585878285,0.02016749382019043,0.0022726903694403645,5.299999999999995,False,l1,liblinear,"{'C': np.float64(5.299999999999995), 'fit_intercept': False, 'penalty': 'l1', 'solver': 'liblinear'}",0.9367578747191385,0.924274218207504,0.9129138368136098,0.9673453848580649,0.942555109206123,0.936769284760888,0.01840425427335487
137,341.2954379558563,17.88329992897943,0.019582462310791016,0.0009215585834421265,5.299999999999995,False,l1,saga,"{'C': np.float64(5.299999999999995), 'fit_intercept': False, 'penalty': 'l1', 'solver': 'saga'}",0.9359009498892127,0.9272897656377249,0.9148414252639812,0.9677703803503727,0.943276408639587,0.9378157859561757,0.01771655200954337
201,3.580864429473877,0.30391401098500664,0.018941879272460938,0.0009062178602788615,5.299999999999995,False,l2,liblinear,"{'C': np.float64(5.299999999999995), 'fit_intercept': False, 'penalty': 'l2', 'solver': 'liblinear'}",0.9338340172639488,0.9309069311896184,0.9109595858897335,0.9666636926086465,0.9396826732399143,0.9364093800383723,0.017947920973997195
200,12.696671533584595,0.2986436163059775,0.019999122619628905,0.0025099144587264624,5.299999999999995,False,l2,saga,"{'C': np.float64(5.299999999999995), 'fit_intercept': False, 'penalty': 'l2', 'solver': 'saga'}",0.9338362667511091,0.9309181597760214,0.9109597159505798,0.9666630423044146,0.9396845766900042,0.9364123522944258,0.017946981716061895
105,4.839913463592529,0.34744805228143677,0.01954989433288574,0.0010292549378494254,5.399999999999995,True,l1,liblinear,"{'C': np.float64(5.399999999999995), 'fit_intercept': True, 'penalty': 'l1', 'solver': 'liblinear'}",0.9454150260551176,0.9221070793549346,0.9398343510377793,0.976991911125782,0.9639664568833947,0.9496629648914017,0.01910724808959133
75,218.02598395347596,8.319024434339083,0.019305658340454102,0.0019135916842874892,5.399999999999995,True,l1,saga,"{'C': np.float64(5.399999999999995), 'fit_intercept': True, 'penalty': 'l1', 'solver': 'saga'}",0.9446731711453091,0.9276924556948811,0.941869196332787,0.9778087799481898,0.9653059449937533,0.9514699096229841,0.017826433348859857
48,4.117459535598755,0.17006925640002388,0.024801301956176757,0.00767999490042509,5.399999999999995,True,l2,liblinear,"{'C': np.float64(5.399999999999995), 'fit_intercept': True, 'penalty': 'l2', 'solver': 'liblinear'}",0.9432919427695858,0.9276700635524984,0.9420616863854083,0.9784385345662929,0.967058178951995,0.9517040812451562,0.01839485346277944
8,24.17795796394348,0.8930125018688189,0.021788787841796876,0.004842200314713964,5.399999999999995,True,l2,saga,"{'C': np.float64(5.399999999999995), 'fit_intercept': True, 'penalty': 'l2', 'solver': 'saga'}",0.9430848601727434,0.9296325950169267,0.9420561804762455,0.9784733475195033,0.9670788573416069,0.9520651681054051,0.017926789471316183
187,4.835552930831909,1.378989852110683,0.021935033798217773,0.0033094004196917238,5.399999999999995,False,l1,liblinear,"{'C': np.float64(5.399999999999995), 'fit_intercept': False, 'penalty': 'l1', 'solver': 'liblinear'}",0.9367287179047932,0.9239783297820221,0.912785380051016,0.9673295174348082,0.9425340847346764,0.9366712059814631,0.018471331855935424
139,338.32241373062135,19.862139220917914,0.018953990936279298,0.0012840792039197826,5.399999999999995,False,l1,saga,"{'C': np.float64(5.399999999999995), 'fit_intercept': False, 'penalty': 'l1', 'solver': 'saga'}",0.935869543587707,0.9271088510004301,0.9147919587887469,0.967786421188091,0.943286618053705,0.937768678523736,0.017757707157355355
199,3.587321424484253,0.2592421522611932,0.019437265396118165,0.0016206600966512943,5.399999999999995,False,l2,liblinear,"{'C': np.float64(5.399999999999995), 'fit_intercept': False, 'penalty': 'l2', 'solver': 'liblinear'}",0.9338248030184657,0.9308961361393701,0.911088866371021,0.9667306739445247,0.9397804846183928,0.9364641928183548,0.017938419646494508
198,12.95688591003418,0.19559308885892634,0.01901102066040039,0.0016187487606062307,5.399999999999995,False,l2,saga,"{'C': np.float64(5.399999999999995), 'fit_intercept': False, 'penalty': 'l2', 'solver': 'saga'}",0.9338266631713097,0.9309028125961502,0.9110886929565591,0.9667304138228321,0.9397828206707759,0.9364662806435253,0.017937998264971597
106,5.136290454864502,0.4563756998151689,0.019602394104003905,0.000622721626898232,5.499999999999995,True,l1,liblinear,"{'C': np.float64(5.499999999999995), 'fit_intercept': True, 'penalty': 'l1', 'solver': 'liblinear'}",0.9454119113805881,0.9219182310060116,0.9396628441350383,0.9769534998224887,0.9639244512007309,0.9495741875089715,0.0191622963703345
76,233.07872862815856,20.262566586331495,0.022964000701904297,0.007191508623508107,5.499999999999995,True,l1,saga,"{'C': np.float64(5.499999999999995), 'fit_intercept': True, 'penalty': 'l1', 'solver': 'saga'}",0.9446787948632096,0.9276050114525078,0.941777676850561,0.9777944299014741,0.9652903280509708,0.9514292482237448,0.017852551902474825
50,4.022624254226685,0.31262559340361634,0.01984696388244629,0.005221353494722805,5.499999999999995,True,l2,liblinear,"{'C': np.float64(5.499999999999995), 'fit_intercept': True, 'penalty': 'l2', 'solver': 'liblinear'}",0.9432873140171602,0.9276346870022869,0.942073651983274,0.9784299071968172,0.9670689940093236,0.9516989108417725,0.018402570803779834
11,22.85439200401306,1.6859950906747831,0.020339250564575195,0.0030949661956668,5.499999999999995,True,l2,saga,"{'C': np.float64(5.499999999999995), 'fit_intercept': True, 'penalty': 'l2', 'solver': 'saga'}",0.9430754728897863,0.9295971751130998,0.9420618164462546,0.9784624224084086,0.9670931332172805,0.952058004014966,0.01793514364095728
194,4.038179969787597,0.7883603910672566,0.023938322067260744,0.0020624103835350208,5.499999999999995,False,l1,liblinear,"{'C': np.float64(5.499999999999995), 'fit_intercept': False, 'penalty': 'l1', 'solver': 'liblinear'}",0.9366808297839022,0.9236874270223172,0.912666634498284,0.9673042856306132,0.9425091235823622,0.9365696601034958,0.018532206310355976
140,349.6265534877777,18.007599600422946,0.017926645278930665,0.0006518876419070468,5.499999999999995,False,l1,saga,"{'C': np.float64(5.499999999999995), 'fit_intercept': False, 'penalty': 'l1', 'solver': 'saga'}",0.9358285769657706,0.9269659141302741,0.9147535474854535,0.9677922739261775,0.9432821189898564,0.9377244862995064,0.01778743664053218
196,3.6316490650177,0.42375565709970403,0.019533157348632812,0.0021815399993083593,5.499999999999995,False,l2,liblinear,"{'C': np.float64(5.499999999999995), 'fit_intercept': False, 'penalty': 'l2', 'solver': 'liblinear'}",0.9338173191477213,0.9308799218871898,0.9112164994149213,0.9667990859497133,0.9398933072964433,0.9365212267391978,0.017930891485416274
195,13.173569440841675,0.33464096857064085,0.021616220474243164,0.0021811265520259005,5.499999999999995,False,l2,saga,"{'C': np.float64(5.499999999999995), 'fit_intercept': False, 'penalty': 'l2', 'solver': 'saga'}",0.9338180112976167,0.9308843873095817,0.9112106900304504,0.9668004732654079,0.9398951242260745,0.9365217372258261,0.017932766401800367
107,5.129923343658447,0.5867966894380167,0.021069717407226563,0.005100775706243175,5.599999999999994,True,l1,liblinear,"{'C': np.float64(5.599999999999994), 'fit_intercept': True, 'penalty': 'l1', 'solver': 'liblinear'}",0.9454005774260503,0.9216639620513666,0.9394480269704576,0.9768981806091678,0.9639295126475607,0.9494680519409207,0.019243484447731975
77,223.33741264343263,8.787405608676005,0.020371007919311523,0.002305275291914677,5.599999999999994,True,l1,saga,"{'C': np.float64(5.599999999999994), 'fit_intercept': True, 'penalty': 'l1', 'solver': 'saga'}",0.9446697103958319,0.9275170036131336,0.9416779201813984,0.9777740103485948,0.9652781286663044,0.9513833546410527,0.01787961208962162
51,4.065139484405518,0.42917013519950015,0.021567678451538085,0.002556763787981086,5.599999999999994,True,l2,liblinear,"{'C': np.float64(5.599999999999994), 'fit_intercept': True, 'penalty': 'l2', 'solver': 'liblinear'}",0.9432957928533794,0.9276116228788647,0.9420720478995022,0.9784196757435698,0.9670797225461932,0.9516957723843019,0.01840681895286934
13,23.585565328598022,0.9707692430575434,0.020655441284179687,0.0014999229933818773,5.599999999999994,True,l2,saga,"{'C': np.float64(5.599999999999994), 'fit_intercept': True, 'penalty': 'l2', 'solver': 'saga'}",0.9430773330426305,0.9295656136810484,0.9420572643166318,0.9784517574190066,0.9670978485822759,0.9520499634083187,0.01794102387638935
197,3.93204870223999,0.30323012357281526,0.01977219581604004,0.002713610842273689,5.599999999999994,False,l1,liblinear,"{'C': np.float64(5.599999999999994), 'fit_intercept': False, 'penalty': 'l1', 'solver': 'liblinear'}",0.9366391710120702,0.9233861193949031,0.9125309376819091,0.9672979993563722,0.9424851574153226,0.9364678769721155,0.01860560612127728
142,344.6305384159088,17.859161012299214,0.017959737777709962,0.00032935700674865536,5.599999999999994,False,l1,saga,"{'C': np.float64(5.599999999999994), 'fit_intercept': False, 'penalty': 'l1', 'solver': 'saga'}",0.935783414185093,0.9268040317301642,0.9146911616328135,0.9678026354402713,0.9432944914154401,0.9376751468807564,0.017828437817095005
193,3.673211193084717,0.4159139715576678,0.020539045333862305,0.0032127962130372935,5.599999999999994,False,l2,liblinear,"{'C': np.float64(5.599999999999994), 'fit_intercept': False, 'penalty': 'l2', 'solver': 'liblinear'}",0.9338059419338149,0.9308568144101521,0.9113356351501923,0.9668576566841932,0.9399926760431773,0.936569744844306,0.017922670193590395
192,13.381767749786377,0.266663881192554,0.01936788558959961,0.001725933685699911,5.599999999999994,False,l2,saga,"{'C': np.float64(5.599999999999994), 'fit_intercept': False, 'penalty': 'l2', 'solver': 'saga'}",0.9338070234180265,0.9308621035512378,0.9113381063062733,0.9668567029046532,0.9399934979875341,0.9365714868335449,0.017921312904393243
108,5.146272087097168,0.42345798830932074,0.01992831230163574,0.0017828213614879507,5.699999999999994,True,l1,liblinear,"{'C': np.float64(5.699999999999994), 'fit_intercept': True, 'penalty': 'l1', 'solver': 'liblinear'}",0.9453924879241473,0.9216063667732342,0.9392377619354997,0.9768461996242369,0.9638806069583215,0.9493926846430878,0.01926031602847826
78,225.80697407722474,10.590081788410396,0.018839073181152344,0.001026822507153554,5.699999999999994,True,l1,saga,"{'C': np.float64(5.699999999999994), 'fit_intercept': True, 'penalty': 'l1', 'solver': 'saga'}",0.9446572084383454,0.9274138220083501,0.9415613423094392,0.9777525069553288,0.9652730239592455,0.9513315807341417,0.017913643786052074
55,3.9359559059143066,0.1721355978217848,0.02008066177368164,0.0015051574281081787,5.699999999999994,True,l2,liblinear,"{'C': np.float64(5.699999999999994), 'fit_intercept': True, 'penalty': 'l2', 'solver': 'liblinear'}",0.9433197152841406,0.9275475895888373,0.942069186560882,0.9784101379481696,0.9670862115805904,0.951686568192524,0.018420025743917313
15,23.307903385162355,1.4849984742484852,0.021131229400634766,0.003905161636950326,5.699999999999994,True,l2,saga,"{'C': np.float64(5.699999999999994), 'fit_intercept': True, 'penalty': 'l2', 'solver': 'saga'}",0.9430754728897864,0.9295262919518305,0.9420651113210293,0.9784415259657593,0.9671071495315782,0.9520431103319968,0.017948747702848784
202,4.194455528259278,0.4171784326658431,0.01983165740966797,0.0014461886230302892,5.699999999999994,False,l1,liblinear,"{'C': np.float64(5.699999999999994), 'fit_intercept': False, 'penalty': 'l1', 'solver': 'liblinear'}",0.9366018381770849,0.9230715455611598,0.9124138395665645,0.9672728109057926,0.9424632244790603,0.9363646517379325,0.018670357390937236
143,349.45556221008303,16.866335733328103,0.02191052436828613,0.006920622856085195,5.699999999999994,False,l1,saga,"{'C': np.float64(5.699999999999994), 'fit_intercept': False, 'penalty': 'l1', 'solver': 'saga'}",0.9357278258966153,0.9266518605399164,0.9146411749141935,0.9678149045134452,0.9432937559915416,0.9376259043711425,0.01786521984022076
191,3.664910984039307,0.3227608783841767,0.018800067901611327,0.001251911312195567,5.699999999999994,False,l2,liblinear,"{'C': np.float64(5.699999999999994), 'fit_intercept': False, 'penalty': 'l2', 'solver': 'liblinear'}",0.9337998856222298,0.9308436349110538,0.911457588870468,0.9669219934495288,0.9400953758275681,0.9366236957361697,0.017915107303401217
190,13.514350271224975,0.2701402551959096,0.01886286735534668,0.0008714507745893352,5.699999999999994,False,l2,saga,"{'C': np.float64(5.699999999999994), 'fit_intercept': False, 'penalty': 'l2', 'solver': 'saga'}",0.9337981552474912,0.9308506581967575,0.9114540772276161,0.9669226871073762,0.9400950297457337,0.936624121504995,0.017915916802456713
109,5.247230768203735,0.4035268019040735,0.01979827880859375,0.002456095595994057,5.799999999999994,True,l1,liblinear,"{'C': np.float64(5.799999999999994), 'fit_intercept': True, 'penalty': 'l1', 'solver': 'liblinear'}",0.9453860422782461,0.9214517677805207,0.9390604022946721,0.9768012419250098,0.9638446577077616,0.9493088223972421,0.01930573723039386
79,251.06832451820372,25.203633373479246,0.019448614120483397,0.00160474969208951,5.799999999999994,True,l1,saga,"{'C': np.float64(5.799999999999994), 'fit_intercept': True, 'penalty': 'l1', 'solver': 'saga'}",0.9446452255932806,0.9273312984013311,0.9414794473298442,0.9777319573416032,0.9652541624992645,0.9512884182330648,0.017936522978299063
56,4.17379059791565,0.44803156084513884,0.02202925682067871,0.004863731850824505,5.799999999999994,True,l2,liblinear,"{'C': np.float64(5.799999999999994), 'fit_intercept': True, 'penalty': 'l2', 'solver': 'liblinear'}",0.9433069537704434,0.927505276460153,0.9421019185405508,0.9783963081448395,0.9670921382320063,0.9516805190295987,0.018425851026531704
18,22.838006687164306,1.285231557139177,0.021067380905151367,0.004140643983605327,5.799999999999994,True,l2,saga,"{'C': np.float64(5.799999999999994), 'fit_intercept': True, 'penalty': 'l2', 'solver': 'saga'}",0.9430791499361059,0.9294891812570009,0.9420716143633476,0.9784305141474336,0.9671129464023063,0.9520366812212387,0.017954708948849273
207,3.8310922622680663,0.6811529976025851,0.021654272079467775,0.003621851013009892,5.799999999999994,False,l1,liblinear,"{'C': np.float64(5.799999999999994), 'fit_intercept': False, 'penalty': 'l1', 'solver': 'liblinear'}",0.9365749308498996,0.922774920124215,0.9122963946222962,0.9672552960451488,0.9424145999813116,0.9362632283245741,0.01873386435918023
145,365.3598391532898,19.887072883252134,0.018812847137451173,0.001200531573245035,5.799999999999994,False,l1,saga,"{'C': np.float64(5.799999999999994), 'fit_intercept': False, 'penalty': 'l1', 'solver': 'saga'}",0.935680456888146,0.9265068860498341,0.9146022000138991,0.9678192398749907,0.9432655935822585,0.9375748752818257,0.01789379154944292
189,3.666445589065552,0.28264750627282087,0.018249320983886718,0.0010688432634855278,5.799999999999994,False,l2,liblinear,"{'C': np.float64(5.799999999999994), 'fit_intercept': False, 'penalty': 'l2', 'solver': 'liblinear'}",0.9337854369931625,0.9308116399428478,0.9115645855934115,0.9669882377739445,0.9401810743418388,0.936666194929041,0.017913380647910787
188,13.511643505096435,0.13012099556462584,0.018792390823364258,0.002391772392451387,5.799999999999994,False,l2,saga,"{'C': np.float64(5.799999999999994), 'fit_intercept': False, 'penalty': 'l2', 'solver': 'saga'}",0.933784182471477,0.9308203106659388,0.9115667532741842,0.9669867203974035,0.94018414581812,0.9366684225254247,0.017911853886928415
110,5.124877119064331,0.2898530042717581,0.01794281005859375,0.0008316788289766049,5.899999999999993,True,l1,liblinear,"{'C': np.float64(5.899999999999993), 'fit_intercept': True, 'penalty': 'l1', 'solver': 'liblinear'}",0.9453752706954982,0.9213123425532167,0.938865592823624,0.9767529893510081,0.963780070185396,0.9492172531217486,0.01934370256308632
81,233.9750756263733,10.62417685011107,0.019097328186035156,0.0013113985979876228,5.899999999999993,True,l1,saga,"{'C': np.float64(5.899999999999993), 'fit_intercept': True, 'penalty': 'l1', 'solver': 'saga'}",0.9446402075065385,0.9272528717109725,0.94138285547461,0.9777155263213455,0.9652447750295035,0.9512472472085939,0.017962125919358994
58,3.9821872234344484,0.2059994883717464,0.018578100204467773,0.0007470838381031401,5.899999999999993,True,l2,liblinear,"{'C': np.float64(5.899999999999993), 'fit_intercept': True, 'penalty': 'l2', 'solver': 'liblinear'}",0.9433174657969803,0.9274486566383684,0.9420942883042308,0.9783928832092184,0.9670962046935618,0.951669899728472,0.018440243135848734
19,23.238089036941528,1.556020856720938,0.019737052917480468,0.0015634039581475963,5.899999999999993,True,l2,saga,"{'C': np.float64(5.899999999999993), 'fit_intercept': True, 'penalty': 'l2', 'solver': 'saga'}",0.9430811398670553,0.9294495994060901,0.9420689697928049,0.9784196323899543,0.967120343901519,0.9520279370714848,0.01796279414185765
210,3.6515953063964846,0.5896817448803028,0.020459461212158202,0.0016495254038158373,5.899999999999993,False,l1,liblinear,"{'C': np.float64(5.899999999999993), 'fit_intercept': False, 'penalty': 'l1', 'solver': 'liblinear'}",0.9365324501500668,0.9224723985955683,0.9121833283931888,0.9672224340046338,0.9423513535260548,0.9361523929339025,0.018791366677819367
146,378.6842697143555,18.624447176291863,0.019012308120727538,0.0016962393627255204,5.899999999999993,False,l1,saga,"{'C': np.float64(5.899999999999993), 'fit_intercept': False, 'penalty': 'l1', 'solver': 'saga'}",0.9356331311390451,0.9263643393622172,0.9145641788931449,0.9678170721942179,0.9432671076902845,0.9375291658557818,0.017921608026818175
186,3.7906346321105957,0.4599023965205639,0.022529458999633788,0.006770657323541428,5.899999999999993,False,l2,liblinear,"{'C': np.float64(5.899999999999993), 'fit_intercept': False, 'penalty': 'l2', 'solver': 'liblinear'}",0.9337750114853623,0.9307740957118635,0.9116750939592069,0.967041519367339,0.9402737810132584,0.936707900307406,0.017906966342563366
185,13.752947998046874,0.11862097865767565,0.01981010437011719,0.0012721409186286026,5.899999999999993,False,l2,saga,"{'C': np.float64(5.899999999999993), 'fit_intercept': False, 'penalty': 'l2', 'solver': 'saga'}",0.9337759199321001,0.9307844572259574,0.9116752673736688,0.9670418661962626,0.9402757277235775,0.9367106476903133,0.017906396844328595
111,5.3471160411834715,0.20084306573239316,0.018461036682128906,0.0005237567581044076,5.999999999999993,True,l1,liblinear,"{'C': np.float64(5.999999999999993), 'fit_intercept': True, 'penalty': 'l1', 'solver': 'liblinear'}",0.9453332658487186,0.921167714892058,0.9387098666369087,0.976707554762011,0.9637274008562063,0.9491291605991805,0.019382927502642484
82,239.45114946365356,11.963026596041882,0.026969385147094727,0.014836932090277095,5.999999999999993,True,l1,saga,"{'C': np.float64(5.999999999999993), 'fit_intercept': True, 'penalty': 'l1', 'solver': 'saga'}",0.9446332427482158,0.9272137667498319,0.941273430949201,0.9776882568972243,0.9652569311539406,0.9512131256996827,0.01797900255829352
60,4.434974622726441,0.40690716980403846,0.020882177352905273,0.0017544581862508216,5.999999999999993,True,l2,liblinear,"{'C': np.float64(5.999999999999993), 'fit_intercept': True, 'penalty': 'l2', 'solver': 'liblinear'}",0.9433116690416059,0.9274105921639988,0.9421028723200909,0.978383128645741,0.967102434166583,0.951662139267604,0.01844809721570994
21,23.625686740875246,1.5358583941222002,0.02321615219116211,0.00435086595017769,5.999999999999993,True,l2,saga,"{'C': np.float64(5.999999999999993), 'fit_intercept': True, 'penalty': 'l2', 'solver': 'saga'}",0.9430865472881135,0.9294195119969642,0.9420619031534856,0.9784118287391725,0.9671188730537222,0.9520197328462915,0.01796806566923005
215,5.875173950195313,0.6863298099887113,0.023370075225830077,0.0023798296156649448,5.999999999999993,False,l1,liblinear,"{'C': np.float64(5.999999999999993), 'fit_intercept': False, 'penalty': 'l1', 'solver': 'liblinear'}",0.9364934734590797,0.9221910769848791,0.9120634990000704,0.9671975490293624,0.9423095641445376,0.9360510325235859,0.01885189961013567
148,375.5984473705292,26.85859446150158,0.019291257858276366,0.0012627943482448423,5.999999999999993,False,l1,saga,"{'C': np.float64(5.999999999999993), 'fit_intercept': False, 'penalty': 'l1', 'solver': 'saga'}",0.9355752933634072,0.9262348854664677,0.9145159263191432,0.967808228056665,0.9432609647377219,0.9374790595886809,0.017947981246912183
184,3.877794694900513,0.5213767672460495,0.02394900321960449,0.007712106278515986,5.999999999999993,False,l2,liblinear,"{'C': np.float64(5.999999999999993), 'fit_intercept': False, 'penalty': 'l2', 'solver': 'liblinear'}",0.9337632449371398,0.9307424475725812,0.9117770183091423,0.9670943240709635,0.940351346604418,0.9367456762988489,0.017902004433707826
183,14.883673858642577,0.6866892987045911,0.018988895416259765,0.0010200413889542318,5.999999999999993,False,l2,saga,"{'C': np.float64(5.999999999999993), 'fit_intercept': False, 'penalty': 'l2', 'solver': 'saga'}",0.933761298265559,0.9307542831096004,0.9117781888567595,0.9670958414475044,0.9403542450397822,0.9367487713438412,0.01790158081721741
112,5.379724836349487,0.812789926221673,0.018923521041870117,0.00247784448856143,6.0999999999999925,True,l1,liblinear,"{'C': np.float64(6.0999999999999925), 'fit_intercept': True, 'penalty': 'l1', 'solver': 'liblinear'}",0.9453717666866526,0.9210676113939719,0.9385424566508282,0.9766530592673837,0.9636643707020962,0.9490598529401865,0.019403402620034184
83,240.55751504898072,11.994474184499559,0.0188906192779541,0.0010038383057330963,6.0999999999999925,True,l1,saga,"{'C': np.float64(6.0999999999999925), 'fit_intercept': True, 'penalty': 'l1', 'solver': 'saga'}",0.9446301280736864,0.9271543289430427,0.9411615786213263,0.9776635453364148,0.9652474787938357,0.9511714119536612,0.01799874564150037
62,4.068881559371948,0.37373750900311825,0.020208358764648438,0.004504991927242631,6.0999999999999925,True,l2,liblinear,"{'C': np.float64(6.0999999999999925), 'fit_intercept': True, 'penalty': 'l2', 'solver': 'liblinear'}",0.9433210130651944,0.9273575273386815,0.9421044330502473,0.9783725070099545,0.9671042078359848,0.9516519376600124,0.01845827186773199
23,23.065283393859865,1.345892166890886,0.022875404357910155,0.0072835507537674544,6.0999999999999925,True,l2,saga,"{'C': np.float64(6.0999999999999925), 'fit_intercept': True, 'penalty': 'l2', 'solver': 'saga'}",0.9430878883285359,0.9293909853179947,0.942065458149953,0.9784023342973878,0.9671234586380296,0.9520140249463802,0.017972699714498767
218,3.288316011428833,0.12439547020431724,0.0185239315032959,0.0017862508656207084,6.0999999999999925,False,l1,liblinear,"{'C': np.float64(6.0999999999999925), 'fit_intercept': False, 'penalty': 'l1', 'solver': 'liblinear'}",0.9364512955748261,0.921901561540869,0.9119616613573661,0.9671734877727847,0.9422515521770277,0.9359479116845748,0.018908548532125587
149,388.7672083377838,23.507880388724452,0.019573450088500977,0.0018676232709624319,6.0999999999999925,False,l1,saga,"{'C': np.float64(6.0999999999999925), 'fit_intercept': False, 'penalty': 'l1', 'solver': 'saga'}",0.9355385661595803,0.9260960671897801,0.914473049593458,0.967817549083988,0.9432324129863747,0.9374315290026363,0.017978477416036524
181,3.8967551708221437,0.43444486956318396,0.01923508644104004,0.0018518597657441406,6.0999999999999925,False,l2,liblinear,"{'C': np.float64(6.0999999999999925), 'fit_intercept': False, 'penalty': 'l2', 'solver': 'liblinear'}",0.9337498345329156,0.93072137771547,0.9118774686361522,0.9671440940215061,0.9404262300613604,0.9367838009934809,0.017895798402091007
180,14.241011714935302,0.23601961460589505,0.018988704681396483,0.0009350905862486723,6.0999999999999925,False,l2,saga,"{'C': np.float64(6.0999999999999925), 'fit_intercept': False, 'penalty': 'l2', 'solver': 'saga'}",0.9337494884579678,0.9307300050849454,0.911877078453613,0.9671460882878171,0.9404303830433745,0.9367866086655436,0.017896180241150018
113,5.255669403076172,0.25178111007036585,0.022190284729003907,0.004467145757822193,6.199999999999992,True,l1,liblinear,"{'C': np.float64(6.199999999999992), 'fit_intercept': True, 'penalty': 'l1', 'solver': 'liblinear'}",0.9453683924559122,0.9209550654082499,0.9384133279071949,0.9766261800258014,0.9635869348916244,0.9489899801377565,0.019430741344440127
85,243.38211545944213,10.310735844196,0.024108695983886718,0.008858085395795454,6.199999999999992,True,l1,saga,"{'C': np.float64(6.199999999999992), 'fit_intercept': True, 'penalty': 'l1', 'solver': 'saga'}",0.9446216924968355,0.9270879112041652,0.9410541917158437,0.9776467674872336,0.9652275358281219,0.9511276197464401,0.018020995859667564
64,4.073146104812622,0.4467607618200169,0.019520282745361328,0.0016636322608503174,6.199999999999992,True,l2,liblinear,"{'C': np.float64(6.199999999999992), 'fit_intercept': True, 'penalty': 'l2', 'solver': 'liblinear'}",0.9433206669902467,0.92731785878054,0.9420966727530808,0.9783627524464771,0.9671244536233038,0.9516444809187297,0.01847011993519856
24,23.15228953361511,1.7106138040312093,0.020658206939697266,0.0027646519319911573,6.199999999999992,True,l2,saga,"{'C': np.float64(6.199999999999992), 'fit_intercept': True, 'penalty': 'l2', 'solver': 'saga'}",0.9430873259567459,0.9293558688894759,0.9420647644921057,0.9783950942436066,0.9671274385791264,0.9520060984322122,0.017980219960217196
221,6.018656539916992,1.3988767558257809,0.02154383659362793,0.0019104597682111787,6.199999999999992,False,l1,liblinear,"{'C': np.float64(6.199999999999992), 'fit_intercept': False, 'penalty': 'l1', 'solver': 'liblinear'}",0.9363932847617145,0.9216239249874935,0.9118480532080657,0.9671424899377343,0.9421993370802461,0.9358414179950509,0.018964722291688666
151,381.3822494983673,16.447176667382088,0.018188095092773436,0.000620766560416695,6.199999999999992,False,l1,saga,"{'C': np.float64(6.199999999999992), 'fit_intercept': False, 'penalty': 'l1', 'solver': 'saga'}",0.9355075059330223,0.9259346183258247,0.9144244068369172,0.9678164652436015,0.9432199973005617,0.9373805987279855,0.018010809178771212
179,3.853956460952759,0.5044411634743389,0.02088923454284668,0.004110703505578552,6.199999999999992,False,l2,liblinear,"{'C': np.float64(6.199999999999992), 'fit_intercept': False, 'penalty': 'l2', 'solver': 'liblinear'}",0.9337375056129031,0.9306889925647249,0.9119745807347719,0.9671942108009723,0.9405042715150425,0.936819912245683,0.017891631678652476
178,14.34806842803955,0.14482375756543883,0.019031620025634764,0.0010967639791940405,6.199999999999992,False,l2,saga,"{'C': np.float64(6.199999999999992), 'fit_intercept': False, 'penalty': 'l2', 'solver': 'saga'}",0.9337360347943753,0.9306944117666567,0.9119748408564645,0.9671942975082033,0.9405063480060496,0.9368211865863498,0.017891353828931995
114,5.275204658508301,0.3926638541518183,0.020688533782958984,0.0048156413358350966,6.299999999999992,True,l1,liblinear,"{'C': np.float64(6.299999999999992), 'fit_intercept': True, 'penalty': 'l1', 'solver': 'liblinear'}",0.9453395817165144,0.9208560674273578,0.9382903337001484,0.9765882456122781,0.9635129166392684,0.9489174290191134,0.01945188171064689
86,251.61223211288453,21.73340199294726,0.018306636810302736,0.001133825412176999,6.299999999999992,True,l1,saga,"{'C': np.float64(6.299999999999992), 'fit_intercept': True, 'penalty': 'l1', 'solver': 'saga'}",0.9446169339663044,0.9270247883400624,0.9409755916110234,0.9776214923294231,0.9652160934974684,0.9510909799488564,0.018037754023697828
65,4.290884780883789,0.37616600476217943,0.019845962524414062,0.0011529952953194245,6.299999999999992,True,l2,liblinear,"{'C': np.float64(6.299999999999992), 'fit_intercept': True, 'penalty': 'l2', 'solver': 'liblinear'}",0.9433417343026893,0.9272761092488565,0.942093551292768,0.9783487058750695,0.9671307263565543,0.9516381654151875,0.018476539853461423
25,22.982265377044676,1.4656482669574284,0.018224668502807618,0.0013903776323998592,6.299999999999992,True,l2,saga,"{'C': np.float64(6.299999999999992), 'fit_intercept': True, 'penalty': 'l2', 'solver': 'saga'}",0.9430920412279085,0.9293257814803499,0.942059648765482,0.978393880342374,0.9671314617804526,0.9520005627193132,0.01798822143062118
226,4.350175571441651,0.5096957936993499,0.021752309799194337,0.002811401667393701,6.299999999999992,False,l1,liblinear,"{'C': np.float64(6.299999999999992), 'fit_intercept': False, 'penalty': 'l1', 'solver': 'liblinear'}",0.9363319862365993,0.9213694392647712,0.9117288741191792,0.9671212466661611,0.9421279577018782,0.9357359007977178,0.0190209683850217
152,456.2605384349823,124.30584996965077,0.018304204940795897,0.0013470355393561707,6.299999999999992,False,l1,saga,"{'C': np.float64(6.299999999999992), 'fit_intercept': False, 'penalty': 'l1', 'solver': 'saga'}",0.9354743692567782,0.9257836176831941,0.9143787554798428,0.9678159883538315,0.9432097878864436,0.937332503732018,0.018041559218877037
177,3.5642886638641356,0.3957252032920968,0.031945228576660156,0.02765715125773411,6.299999999999992,False,l2,liblinear,"{'C': np.float64(6.299999999999992), 'fit_intercept': False, 'penalty': 'l2', 'solver': 'liblinear'}",0.9337229704650987,0.9306445984624988,0.9120677910080006,0.9672519578167588,0.940581534284597,0.9368537704073908,0.01789215761503428
176,14.181008529663085,0.33215342301882667,0.019221115112304687,0.0010310209532868875,6.299999999999992,False,l2,saga,"{'C': np.float64(6.299999999999992), 'fit_intercept': False, 'penalty': 'l2', 'solver': 'saga'}",0.9337224946120457,0.9306529223566662,0.9120684413122324,0.9672519144631433,0.9405860333484455,0.9368563612185067,0.017891589410356665
115,5.20170521736145,0.2810628424903956,0.02011079788208008,0.003094489665976393,6.3999999999999915,True,l1,liblinear,"{'C': np.float64(6.3999999999999915), 'fit_intercept': True, 'penalty': 'l1', 'solver': 'liblinear'}",0.9453321843645069,0.9207482469857207,0.9381688785464504,0.9765389959051209,0.963442402465487,0.9488461416534573,0.019471972341500072
87,249.0041196346283,11.748284844297334,0.019535303115844727,0.0026691657415445448,6.3999999999999915,True,l1,saga,"{'C': np.float64(6.3999999999999915), 'fit_intercept': True, 'penalty': 'l1', 'solver': 'saga'}",0.9446174963380944,0.9269482041783608,0.940849866126203,0.977593659308301,0.9651939009998305,0.9510406253901579,0.01806062978848416
67,3.9903430938720703,0.30539538671822797,0.018887948989868165,0.0012930746089853964,6.3999999999999915,True,l2,liblinear,"{'C': np.float64(6.3999999999999915), 'fit_intercept': True, 'penalty': 'l2', 'solver': 'liblinear'}",0.9433304003481513,0.9272286803935486,0.9420910367830715,0.9783307141246557,0.9671256649097246,0.9516212993118304,0.018484279587921506
27,22.386556911468507,1.5201845488731773,0.01850104331970215,0.0017438623713593852,6.3999999999999915,True,l2,saga,"{'C': np.float64(6.3999999999999915), 'fit_intercept': True, 'penalty': 'l2', 'solver': 'saga'}",0.9430899215188537,0.9292960409001476,0.9420494606658499,0.9783789233450418,0.9671319809032044,0.9519892654666195,0.01799275608202326
229,3.4588455677032472,0.38802684454600583,0.018839931488037108,0.0007532188577499322,6.3999999999999915,False,l1,liblinear,"{'C': np.float64(6.3999999999999915), 'fit_intercept': False, 'penalty': 'l1', 'solver': 'liblinear'}",0.9362931825830861,0.9211329886460783,0.9116296593702098,0.9670998299801263,0.9420385388078866,0.9356388398774774,0.01906850113455843
154,401.1930847167969,25.755650950726377,0.019904232025146483,0.004482073702501745,6.3999999999999915,False,l1,saga,"{'C': np.float64(6.3999999999999915), 'fit_intercept': False, 'penalty': 'l1', 'solver': 'saga'}",0.9354357386407387,0.9256465335511246,0.9143388268000084,0.9678193265822217,0.9431992756507205,0.9372879402449629,0.01807055199188857
174,3.760726261138916,0.393379674924461,0.02073078155517578,0.0053075313450305734,6.3999999999999915,False,l2,liblinear,"{'C': np.float64(6.3999999999999915), 'fit_intercept': False, 'penalty': 'l2', 'solver': 'liblinear'}",0.9337157461505652,0.9306114329466755,0.9121630822547713,0.9673096181253142,0.9406597920394255,0.9368919343033504,0.017891233792703434
173,14.973282527923583,0.8660351484966322,0.022822189331054687,0.007249422767778014,6.3999999999999915,False,l2,saga,"{'C': np.float64(6.3999999999999915), 'fit_intercept': False, 'penalty': 'l2', 'solver': 'saga'}",0.9337155731130913,0.9306158983690672,0.912158573478764,0.9673092279427752,0.9406619550508912,0.9368922455909179,0.01789213147413111
116,6.494291067123413,0.96606067986169,0.018449068069458008,0.0005286654671510139,6.499999999999991,True,l1,liblinear,"{'C': np.float64(6.499999999999991), 'fit_intercept': True, 'penalty': 'l1', 'solver': 'liblinear'}",0.9453907575494087,0.9205361394221059,0.9380559423781896,0.9764802517561791,0.9633743973850057,0.9487674976981777,0.019516698683218613
89,258.3654317855835,14.551653068452724,0.021905183792114258,0.0042356608290327,6.499999999999991,True,l1,saga,"{'C': np.float64(6.499999999999991), 'fit_intercept': True, 'penalty': 'l1', 'solver': 'saga'}",0.944616890706936,0.9268911941740371,0.9407031791683101,0.9775733264626523,0.9651755370324866,0.9509920255088844,0.018083640857574322
68,3.99133095741272,0.3584750067469221,0.01825737953186035,0.0020578605127118716,6.499999999999991,True,l2,liblinear,"{'C': np.float64(6.499999999999991), 'fit_intercept': True, 'penalty': 'l2', 'solver': 'liblinear'}",0.943331481832363,0.9271800376370077,0.9420800249647459,0.9783166241996326,0.9671254918688074,0.9516067321005114,0.01849406152772979
30,21.775048208236694,1.0976193237560672,0.018039512634277343,0.0008388292412337511,6.499999999999991,True,l2,saga,"{'C': np.float64(6.499999999999991), 'fit_intercept': True, 'penalty': 'l2', 'solver': 'saga'}",0.9430905704093808,0.929255115087158,0.942043174391609,0.9783680415875626,0.9671350091192564,0.9519783821189934,0.018001032654067665
232,4.097607707977295,0.4970628309333461,0.01924619674682617,0.001536047148119613,6.499999999999991,False,l1,liblinear,"{'C': np.float64(6.499999999999991), 'fit_intercept': False, 'penalty': 'l1', 'solver': 'liblinear'}",0.9362047604339433,0.9208956276014608,0.9115231178602285,0.9670776762826286,0.9419665105260789,0.9355335385408681,0.019118760583231934
155,408.050852060318,23.07314628241749,0.01965789794921875,0.001473182758314939,6.499999999999991,False,l1,saga,"{'C': np.float64(6.499999999999991), 'fit_intercept': False, 'penalty': 'l1', 'solver': 'saga'}",0.9354001794398603,0.9255128310010605,0.9143031467744888,0.9677809586325437,0.9431753527439098,0.9372344937183726,0.018083080949360036
172,3.77642765045166,0.43180285750164044,0.017924022674560548,0.0008073370945651487,6.499999999999991,False,l2,liblinear,"{'C': np.float64(6.499999999999991), 'fit_intercept': False, 'penalty': 'l2', 'solver': 'liblinear'}",0.9337042824179218,0.930580348404394,0.9122369134618915,0.9673593013686259,0.9407208754832166,0.9369203442272098,0.017892928796737533
171,14.649916458129884,0.28468142643980343,0.017959976196289064,0.0005763993801287324,6.499999999999991,False,l2,saga,"{'C': np.float64(6.499999999999991), 'fit_intercept': False, 'penalty': 'l2', 'solver': 'saga'}",0.9337036767867632,0.9305855074846332,0.9122395580324343,0.9673589978933179,0.9407305225143539,0.9369236525423006,0.017892162273074243
117,8.113969945907593,1.943739941135932,0.019936895370483397,0.0025848102531051266,6.599999999999991,True,l1,liblinear,"{'C': np.float64(6.599999999999991), 'fit_intercept': True, 'penalty': 'l1', 'solver': 'liblinear'}",0.9454150260551177,0.920528162356862,0.9379533677240224,0.9764396294184975,0.9633041427726,0.94872806566542,0.019507422604101998
90,270.15949177742004,20.57952482958543,0.021065330505371092,0.0037006681424502697,6.599999999999991,True,l1,saga,"{'C': np.float64(6.599999999999991), 'fit_intercept': True, 'penalty': 'l1', 'solver': 'saga'}",0.9446179289317791,0.9268290250894743,0.94063125552027,0.9775736299379605,0.9651565674219327,0.9509616813802833,0.01810544994745685
69,3.9647815227508545,0.22227340779952326,0.019455909729003906,0.00040361441779922697,6.599999999999991,True,l2,liblinear,"{'C': np.float64(6.599999999999991), 'fit_intercept': True, 'penalty': 'l2', 'solver': 'liblinear'}",0.9433372785877372,0.927135209998627,0.9420690998536512,0.9783064361000007,0.9671272655382092,0.9515950580156449,0.018503870701499458
32,22.554665279388427,1.6547254615919573,0.018777894973754882,0.002177879512318164,6.599999999999991,True,l2,saga,"{'C': np.float64(6.599999999999991), 'fit_intercept': True, 'penalty': 'l2', 'solver': 'saga'}",0.9430901810750645,0.9292161835404791,0.9420327261702843,0.9783576800734688,0.9671369558295755,0.9519667453377745,0.01800934709872551
235,5.317930030822754,1.5774601889814683,0.022411584854125977,0.0023451526109733553,6.599999999999991,False,l1,liblinear,"{'C': np.float64(6.599999999999991), 'fit_intercept': False, 'penalty': 'l1', 'solver': 'liblinear'}",0.9361496047391503,0.9206551884501459,0.9114222339970642,0.9670513606380472,0.9419072007516898,0.9354371177152195,0.019167942198555422
157,408.3384551525116,22.599986526238244,0.019118118286132812,0.001273303937618989,6.599999999999991,False,l1,saga,"{'C': np.float64(6.599999999999991), 'fit_intercept': False, 'penalty': 'l1', 'solver': 'saga'}",0.9353637117922443,0.9253683767543637,0.9142439257357771,0.9677867246633993,0.943142301928714,0.9371810081748997,0.01811738106367826
170,3.769865322113037,0.49850976543265396,0.019279861450195314,0.0016055145113508889,6.599999999999991,False,l2,liblinear,"{'C': np.float64(6.599999999999991), 'fit_intercept': False, 'penalty': 'l2', 'solver': 'liblinear'}",0.9336897905294861,0.9305458822801072,0.9123183749053319,0.9674039122389295,0.9407973595686436,0.9369510639044997,0.017891906466408494
169,15.056775951385498,0.4001517430871607,0.02154541015625,0.005110297861899786,6.599999999999991,False,l2,saga,"{'C': np.float64(6.599999999999991), 'fit_intercept': False, 'penalty': 'l2', 'solver': 'saga'}",0.9336883629703265,0.9305520818471172,0.9123224934988001,0.9674027416913121,0.9407988304164403,0.9369529020847993,0.017890045496044893
118,5.482848501205444,0.32123261426698313,0.01886448860168457,0.001713742959053481,6.69999999999999,True,l1,liblinear,"{'C': np.float64(6.69999999999999), 'fit_intercept': True, 'penalty': 'l1', 'solver': 'liblinear'}",0.9454387754484048,0.9204075092450501,0.9378844354754485,0.9763957122060414,0.9632369596364756,0.9486726784022841,0.01952664329783012
91,266.0798770904541,20.436270446546455,0.018553781509399413,0.0007176958328469086,6.69999999999999,True,l1,saga,"{'C': np.float64(6.69999999999999), 'fit_intercept': True, 'penalty': 'l1', 'solver': 'saga'}",0.9446149872947234,0.9267700208188397,0.940557164191457,0.9775500455711528,0.9651433297917625,0.9509271095335871,0.018120845622754855
71,4.106041717529297,0.33667855414233533,0.019611692428588866,0.0015000484987800532,6.69999999999999,True,l2,liblinear,"{'C': np.float64(6.69999999999999), 'fit_intercept': True, 'penalty': 'l2', 'solver': 'liblinear'}",0.9433368892534212,0.9270819284052325,0.9420519751755464,0.9782934300153641,0.9671222906118381,0.9515773026922805,0.018515170795698106
33,23.19689416885376,1.3635200809228807,0.019646644592285156,0.0024301510377009606,6.69999999999999,True,l2,saga,"{'C': np.float64(6.69999999999999), 'fit_intercept': True, 'penalty': 'l2', 'solver': 'saga'}",0.9430905271500122,0.929174173887103,0.9420182460627222,0.9783437635629075,0.9671369558295755,0.9519527332984641,0.018017450405674852
238,5.348123979568482,1.0114496962010215,0.021686077117919922,0.001421198771243543,6.69999999999999,False,l1,liblinear,"{'C': np.float64(6.69999999999999), 'fit_intercept': False, 'penalty': 'l1', 'solver': 'liblinear'}",0.9361068644831068,0.9203985350466508,0.9113448044398611,0.9670127325666766,0.941821632018107,0.9353369137108805,0.01920821886739834
158,405.2028310775757,20.63053121724933,0.019483470916748048,0.0016159297539579663,6.69999999999999,False,l1,saga,"{'C': np.float64(6.69999999999999), 'fit_intercept': False, 'penalty': 'l1', 'solver': 'saga'}",0.9353290610381038,0.9252243126902058,0.9141765108637441,0.9677488336034914,0.9431149614637877,0.9371187359318665,0.018139368983272012
168,3.7249124526977537,0.37920486768675743,0.017231321334838866,0.0005531704740653472,6.69999999999999,False,l2,liblinear,"{'C': np.float64(6.69999999999999), 'fit_intercept': False, 'penalty': 'l2', 'solver': 'liblinear'}",0.933682436436847,0.9305085981708157,0.9124030011627006,0.9674476560369238,0.9408628555558247,0.9369809094726224,0.017889306674393063
167,15.201900911331176,0.452836681318404,0.017890357971191408,0.0007454006643320257,6.69999999999999,False,l2,saga,"{'C': np.float64(6.69999999999999), 'fit_intercept': False, 'penalty': 'l2', 'solver': 'saga'}",0.933677894203158,0.9305138439582856,0.9124016572006215,0.9674482196339247,0.9408639370615576,0.9369811104115093,0.017889703071919574
119,5.598303318023682,0.3380549473827731,0.019507551193237306,0.002577275186909789,6.79999999999999,True,l1,liblinear,"{'C': np.float64(6.79999999999999), 'fit_intercept': True, 'penalty': 'l1', 'solver': 'liblinear'}",0.9454308157246074,0.9202791391896872,0.9378224831589628,0.976341390125876,0.9631599996885263,0.9486067655775319,0.01954404176954238
93,269.0447195529938,13.756723721960524,0.018862056732177734,0.0011069252990667494,6.79999999999999,True,l1,saga,"{'C': np.float64(6.79999999999999), 'fit_intercept': True, 'penalty': 'l1', 'solver': 'saga'}",0.9446421974374882,0.9267099760614341,0.9404949083996632,0.977523383097648,0.965127280246687,0.9508995490485841,0.01813175839258995
72,4.291836166381836,0.4622248958622828,0.01896677017211914,0.0009864797932361642,6.79999999999999,True,l2,liblinear,"{'C': np.float64(6.79999999999999), 'fit_intercept': True, 'penalty': 'l2', 'solver': 'liblinear'}",0.9433383168125805,0.9270352365613871,0.9420353273872116,0.9782806840524203,0.9671222473516088,0.9515623624330416,0.0185254309288151
35,22.807936048507692,1.3422336678596167,0.018408584594726562,0.0011365063949799756,6.79999999999999,True,l2,saga,"{'C': np.float64(6.79999999999999), 'fit_intercept': True, 'penalty': 'l2', 'solver': 'saga'}",0.9431018611045501,0.929131037039725,0.942001078031002,0.9783335754632757,0.9671364367068237,0.9519407976690755,0.018026070961266308
239,4.10750002861023,0.7858501662339087,0.022364139556884766,0.0032410928600710327,6.79999999999999,False,l1,liblinear,"{'C': np.float64(6.79999999999999), 'fit_intercept': False, 'penalty': 'l1', 'solver': 'liblinear'}",0.9360655085268542,0.9201559282145632,0.9112775629822899,0.9669753183965388,0.9417638363517438,0.9352476308943981,0.01924629656378144
160,419.95547099113463,30.46760610236806,0.018681430816650392,0.0008247974821258286,6.79999999999999,False,l1,saga,"{'C': np.float64(6.79999999999999), 'fit_intercept': False, 'penalty': 'l1', 'solver': 'saga'}",0.9352922473155398,0.9250837602688999,0.9141399204122997,0.9677517816493424,0.9430986523573364,0.9370732724006837,0.018167747346753173
165,3.719798231124878,0.4036025839057124,0.018826818466186522,0.000892420132064816,6.79999999999999,False,l2,liblinear,"{'C': np.float64(6.79999999999999), 'fit_intercept': False, 'penalty': 'l2', 'solver': 'liblinear'}",0.9336693721075705,0.930471964365756,0.91247149987512,0.9674848534389844,0.9409252368064953,0.9370045853187852,0.017889043114899743
164,15.226953077316285,0.5636364555463766,0.01958889961242676,0.0020942219093159865,6.79999999999999,False,l2,saga,"{'C': np.float64(6.79999999999999), 'fit_intercept': False, 'penalty': 'l2', 'solver': 'saga'}",0.933664959651987,0.9304834964274671,0.9124718900576589,0.9674856338040625,0.9409271835168144,0.937006632691598,0.01788861039390386
120,5.4028645038604735,0.31873988742782683,0.02011218070983887,0.0013291766170781282,6.89999999999999,True,l1,liblinear,"{'C': np.float64(6.89999999999999), 'fit_intercept': True, 'penalty': 'l1', 'solver': 'liblinear'}",0.9454409816761967,0.920170603413395,0.9377242438663413,0.9762903195668697,0.9630645676226601,0.9485381432290925,0.019557353816162096
94,270.6316134929657,21.684665798409867,0.01827845573425293,0.0032318434221775515,6.89999999999999,True,l1,saga,"{'C': np.float64(6.89999999999999), 'fit_intercept': True, 'penalty': 'l1', 'solver': 'saga'}",0.9446466964118085,0.9266572363882328,0.9404127966519911,0.9775001022061485,0.9651071642400562,0.9508647991796474,0.018144969468132526
73,4.373178195953369,0.22654621952569662,0.018795061111450195,0.0009466912120311136,6.89999999999999,True,l2,liblinear,"{'C': np.float64(6.89999999999999), 'fit_intercept': True, 'penalty': 'l2', 'solver': 'liblinear'}",0.9433557935974404,0.9269995998894829,0.9420244022761168,0.978273617413101,0.9671219877902328,0.9515550801932747,0.018532364007274493
36,23.031855392456055,1.5595425360651378,0.01955575942993164,0.0025553432206190884,6.89999999999999,True,l2,saga,"{'C': np.float64(6.89999999999999), 'fit_intercept': True, 'penalty': 'l2', 'solver': 'saga'}",0.9431029425887617,0.9290949668316661,0.9419877684710573,0.9783236908389519,0.9671354849817788,0.9519289707424431,0.018033509555556427
240,5.853746843338013,1.6961278639924857,0.022786474227905272,0.0031368638625109374,6.89999999999999,False,l1,liblinear,"{'C': np.float64(6.89999999999999), 'fit_intercept': False, 'penalty': 'l1', 'solver': 'liblinear'}",0.9360154141781714,0.9198822801938097,0.9111777196058967,0.9669379042264009,0.9417042021256347,0.9351435040659826,0.01929741250374435
163,359.4410893917084,14.426365128110682,0.01295485496520996,0.0029144975113611984,6.89999999999999,False,l1,saga,"{'C': np.float64(6.89999999999999), 'fit_intercept': False, 'penalty': 'l1', 'solver': 'saga'}",0.935256817892767,0.9249453755283668,0.9141010755728519,0.9677516949421114,0.9430615350805851,0.9370232998033365,0.01819406293202804
162,3.69116325378418,0.44068495489575393,0.018736982345581056,0.0006976456253071075,6.89999999999999,False,l2,liblinear,"{'C': np.float64(6.89999999999999), 'fit_intercept': False, 'penalty': 'l2', 'solver': 'liblinear'}",0.9336577785968219,0.9304335097088471,0.912544160534623,0.9675267763851296,0.9409780142862582,0.9370280479023358,0.017889002561983246
161,15.42337670326233,0.4258862355571611,0.02004108428955078,0.00124549683713853,6.89999999999999,False,l2,saga,"{'C': np.float64(6.89999999999999), 'fit_intercept': False, 'penalty': 'l2', 'solver': 'saga'}",0.9336544908848184,0.9304443914663263,0.9125447674852394,0.9675269064459759,0.9409765434384614,0.9370294199441643,0.017888138075558942
